{"startTime":1552197284.70562,"endTime":1552197310.28582,"timing":[[1552197284.70562,1552197284.70562,0,"2-frame"]]}