{"startTime":1552197284.70562,"endTime":1552197310.28582,"timing":[[1552197284.70562,1552197284.70562,0,"2-frame"],[1552197284.70562,1552197284.70562,1,"3-frame"],[1552197284.70562,1552197284.70562,2,"4-frame"],[1552197284.70562,1552197284.70562,3,"5-frame"],[1552197284.70562,1552197284.70562,4,"6-frame"],[1552197284.70562,1552197284.70562,5,"7-frame"],[1552197284.70562,1552197284.70562,6,"8-frame"],[1552197284.70562,1552197284.70562,7,"9-frame"],[1552197284.70562,1552197284.70562,8,"10-frame"],[1552197284.70562,1552197284.70562,9,"11-frame"],[1552197284.70562,1552197284.70562,10,"12-frame"],[1552197284.70562,1552197284.70562,11,"13-frame"],[1552197284.70562,1552197284.70562,12,"14-frame"],[1552197284.70562,1552197284.70562,13,"15-frame"],[1552197284.70562,1552197284.70562,14,"16-frame"],[1552197284.70562,1552197284.70562,15,"17-frame"],[1552197284.70562,1552197284.70562,16,"18-frame"],[1552197284.70562,1552197284.70562,17,"19-frame"],[1552197284.70562,1552197284.70562,18,"20-frame"],[1552197284.70562,1552197284.70562,19,"21-frame"],[1552197284.70562,1552197284.70562,20,"22-frame"],[1552197284.70562,1552197284.70562,21,"23-frame"],[1552197284.70562,1552197284.70562,22,"24-frame"],[1552197284.70562,1552197284.70562,23,"25-frame"],[1552197284.70562,1552197284.70562,24,"26-frame"],[1552197284.70562,1552197284.70562,25,"27-frame"],[1552197284.70562,1552197284.70562,26,"28-frame"],[1552197284.70562,1552197284.70562,27,"29-frame"],[1552197284.70562,1552197284.70562,28,"30-frame"],[1552197284.70562,1552197284.70562,29,"31-frame"],[1552197284.70562,1552197284.70562,30,"32-frame"],[1552197284.70562,1552197284.70562,31,"33-frame"],[1552197284.70562,1552197284.70562,32,"34-frame"],[1552197284.70562,1552197284.70562,33,"35-frame"],[1552197284.70562,1552197284.70562,34,"36-frame"],[1552197284.70562,1552197284.70562,35,"37-frame"],[1552197284.70562,1552197284.70562,36,"38-frame"],[1552197284.70562,1552197284.70562,37,"39-frame"],[1552197284.70562,1552197284.70562,38,"40-frame"],[1552197284.70562,1552197284.70562,39,"41-frame"],[1552197284.70562,1552197284.70562,40,"42-frame"],[1552197284.70562,1552197284.70562,41,"43-frame"],[1552197284.70562,1552197284.70562,42,"44-frame"],[1552197284.70562,1552197284.70562,43,"45-frame"],[1552197284.70562,1552197284.70562,44,"46-frame"],[1552197284.70562,1552197284.70562,45,"47-frame"],[1552197284.70562,1552197284.70562,46,"48-frame"],[1552197284.70562,1552197284.70562,47,"49-frame"],[1552197284.70562,1552197284.70562,48,"50-frame"],[1552197284.70562,1552197284.70562,49,"51-frame"],[1552197284.70562,1552197284.70562,50,"52-frame"],[1552197284.70562,1552197284.70562,51,"53-frame"],[1552197284.70562,1552197284.70562,52,"54-frame"],[1552197284.70562,1552197284.70562,53,"55-frame"],[1552197284.70562,1552197284.70562,54,"56-frame"],[1552197284.70562,1552197284.70562,55,"57-frame"],[1552197284.70562,1552197284.70562,56,"58-frame"],[1552197284.70562,1552197284.70562,57,"59-frame"],[1552197284.70562,1552197284.70562,58,"60-frame"],[1552197284.70562,1552197284.70562,59,"61-frame"],[1552197284.70562,1552197284.70562,60,"62-frame"],[1552197284.70562,1552197284.70562,61,"63-frame"],[1552197284.70562,1552197284.70562,62,"64-frame"],[1552197284.70562,1552197284.70562,63,"65-frame"],[1552197284.70562,1552197284.70562,64,"66-frame"],[1552197284.70562,1552197284.70562,65,"67-frame"],[1552197284.70562,1552197284.70562,66,"68-frame"],[1552197284.70562,1552197284.70562,67,"69-frame"],[1552197284.70562,1552197284.70562,68,"70-frame"],[1552197284.70562,1552197284.70562,69,"71-frame"],[1552197284.70562,1552197284.70562,70,"72-frame"],[1552197284.70562,1552197284.70562,71,"73-frame"],[1552197284.70562,1552197284.70562,72,"74-frame"],[1552197284.70562,1552197284.70562,73,"75-frame"],[1552197284.70562,1552197284.70562,74,"76-frame"],[1552197284.70562,1552197284.70562,75,"77-frame"],[1552197284.70562,1552197284.70562,76,"78-frame"],[1552197284.70562,1552197284.70562,77,"79-frame"],[1552197284.70562,1552197284.70562,78,"80-frame"],[1552197284.70562,1552197284.70562,79,"81-frame"],[1552197284.70562,1552197284.70562,80,"82-frame"],[1552197284.70562,1552197284.70562,81,"83-frame"],[1552197284.70562,1552197284.70562,82,"84-frame"],[1552197284.70562,1552197284.70562,83,"85-frame"],[1552197284.70562,1552197284.70562,84,"86-frame"],[1552197284.70562,1552197284.70562,85,"87-frame"],[1552197284.70562,1552197284.70562,86,"88-frame"],[1552197284.70562,1552197284.70562,87,"89-frame"],[1552197284.70562,1552197284.70562,88,"90-frame"],[1552197284.70562,1552197284.70562,89,"91-frame"],[1552197284.70562,1552197284.70562,90,"92-frame"],[1552197284.70562,1552197284.70562,91,"93-frame"],[1552197284.70562,1552197284.70562,92,"94-frame"],[1552197284.70562,1552197284.70562,93,"95-frame"],[1552197284.70562,1552197284.70562,94,"96-frame"],[1552197284.70562,1552197284.70562,95,"97-frame"],[1552197284.70562,1552197284.70562,96,"98-frame"],[1552197284.70562,1552197284.70562,97,"99-frame"],[1552197284.70562,1552197284.70562,98,"100-frame"],[1552197284.70562,1552197284.70562,99,"101-frame"]]}